name,type,prefab,worldX,worldY,terrainX,terrainY,locationID,region,gisX,gisY
Ruins,0,WOD_Ruins_05,188,488,65,59,1886548859,Abibon-gora,188.5078125,-488.5390625
Ruins,0,WOD_Ruins_03,155,496,74,51,1557449651,Abibon-gora,155.578125,-496.6015625
Ruins,0,WOD_Ruins_06,195,476,67,20,1956747620,Abibon-gora,195.5234375,-476.84375
Ruins,0,WOD_Ruins_03,178,462,4,18,1780446218,Abibon-gora,178.03125,-462.859375
