name,type,prefab,rotYaxis,worldX,worldY,terrainX,terrainY,locationID,region,gisX,gisY,climate,sink,scale
Desert Mountain,1,WOD_Mountain_01,130,423,416,47,127,42347416127,Sentinel,423.3671875,-416.0078125,8,1,0.5801668678498719
Desert Mountain,1,WOD_Mountain_05,-116,406,423,52,9,4065242309,Sentinel,406.40625,-423.9296875,8,1,0.5732285875173421
Desert Mountain,1,WOD_Mountain_05,-113,421,418,37,20,4213741820,Sentinel,421.2890625,-418.84375,8,1,0.6524136280806443
