name,type,prefab,worldX,worldY,terrainX,terrainY,locationID,region,gisX,gisY
Ruins,0,WOD_Ruins_04,692,198,100,32,69210019832,Isle of Balfiera,692.78125,-198.75
Ruins,0,WOD_Ruins_01,647,167,10,28,6471016728,Isle of Balfiera,647.078125,-167.78125
Ruins,0,WOD_Ruins_01,723,220,6,93,7230622093,Isle of Balfiera,723.046875,-220.2734375
Ruins,0,WOD_Ruins_06,683,218,46,17,6834621817,Isle of Balfiera,683.359375,-218.8671875
Ruins,0,WOD_Ruins_06,681,215,36,114,68136215114,Isle of Balfiera,681.28125,-215.109375
