name,type,prefab,rotYaxis,worldX,worldY,terrainX,terrainY,locationID,region,gisX,gisY,climate,altitude,sink,scale
Mountain,1,WOD_Mountain_04,-34,715,97,6,28,715069728,Alcaire,715.046875,-97.78125,4.0,5,1,0.7324390665754625
Mountain,1,WOD_Mountain_02,3,718,98,59,33,718599833,Alcaire,718.4609375,-98.7421875,4.0,5,1,0.742682689831435
Mountain,1,WOD_Mountain_07,136,729,99,95,56,729959956,Alcaire,729.7421875,-99.5625,4.0,5,1,0.7602241858505038
Mountain,1,WOD_Mountain_02,-100,726,94,119,105,72611994105,Alcaire,726.9296875,-94.1796875,4.0,5,1,0.981134139829861
