fid,name,type,prefab,rotYaxis,worldX,worldY,terrainX,terrainY,locationID,region,gisX,gisY,climate
1266,Orc Camp,0,WOD_OrcCamp_Medium_03,-144,709,131,8,67,7090813167,Alcaire,709.0625,-131.4765625,1
1318,Orc Camp,0,WOD_OrcCamp_Small_02,80,712,104,74,47,7127410447,Alcaire,712.578125,-104.6328125,1
1341,Orc Camp,0,WOD_OrcCamp_Medium_01,-87,710,125,128,81,71012812581,Alcaire,711,-125.3671875,1
1366,Orc Camp,0,WOD_OrcCamp_Small_01,-142,708,118,79,65,7087911865,Alcaire,708.6171875,-118.4921875,1
230,Orc Camp,0,WOD_OrcCamp_Medium_Mountains_03,96,730,108,55,114,73055108114,Alcaire,730.4296875,-108.109375,4
873,Orc Camp,0,WOD_OrcCamp_Medium_Mountains_02,-171,787,149,104,120,787104149120,Alcaire,787.8125,-149.0625,4
902,Orc Camp,0,WOD_OrcCamp_Medium_Mountains_03,-61,729,111,9,76,7290911176,Alcaire,729.0703125,-111.40625,4
1051,Orc Camp,0,WOD_OrcCamp_Small_Mountains_01,-60,731,115,120,40,73112011540,Alcaire,731.9375,-115.6875,4
