name,type,prefab,worldX,worldY,terrainX,terrainY,locationID,region,gisX,gisY
Ruins,0,WOD_Ruins_01,770,137,83,93,7708313793,Alcaire,770.6484375,-137.2734375
Ruins,0,WOD_Ruins_02,755,137,123,87,75512313787,Alcaire,755.9609375,-137.3203125
Ruins,0,WOD_Ruins_03,719,118,31,18,7193111818,Alcaire,719.2421875,-118.859375
