name,type,prefab,worldX,worldY,terrainX,terrainY,locationID,region,gisX,gisY
Ruins,0,WOD_Ruins_04,448,386,20,69,4482038669,Ayasofya,448.15625,-386.4609375
Ruins,0,WOD_Ruins_05,523,375,15,40,5231537540,Ayasofya,523.1171875,-375.6875
Ruins,0,WOD_Ruins_01,513,374,99,13,5139937413,Ayasofya,513.7734375,-374.8984375
Ruins,0,WOD_Ruins_05,463,386,51,113,46351386113,Ayasofya,463.3984375,-386.1171875
Ruins,0,WOD_Ruins_04,532,378,32,45,5323237845,Ayasofya,532.25,-378.6484375
Ruins,0,WOD_Ruins_02,498,390,65,95,4986539095,Ayasofya,498.5078125,-390.2578125
Ruins,0,WOD_Ruins_01,522,381,68,56,5226838156,Ayasofya,522.53125,-381.5625
Ruins,0,WOD_Ruins_06,510,382,42,86,5104238286,Ayasofya,510.328125,-382.328125
