fid,name,type,prefab,rotYaxis,worldX,worldY,terrainX,terrainY,locationID,region,gisX,gisY,climate
455,Orc Camp,0,WOD_OrcCamp_Large_01,151,590,127,22,107,59008127125,Bhoriane,590.0625,-127.0234375,1
456,Orc Camp,0,WOD_OrcCamp_Small_01,50,589,125,86,6,5898612505,Bhoriane,589.671875,-125.9609375,1
1300,Orc Camp,0,WOD_OrcCamp_Medium_02,-124,645,100,8,8,6450410003,Bhoriane,645.03125,-100.9765625,1
1305,Orc Camp,0,WOD_OrcCamp_Small_03,-19,612,104,101,118,612101104120,Bhoriane,612.7890625,-104.0625,1
1323,Orc Camp,0,WOD_OrcCamp_Large_01,-38,571,136,26,74,5712613674,Bhoriane,571.203125,-136.421875,1
1361,Orc Camp,0,WOD_OrcCamp_Small_03,-107,608,95,73,86,608739586,Bhoriane,608.5703125,-95.328125,1
1374,Orc Camp,0,WOD_OrcCamp_Small_02,98,597,115,38,111,59738115111,Bhoriane,597.296875,-115.1328125,1
