name,type,prefab,worldX,worldY,terrainX,terrainY,locationID,region,gisX,gisY
Ruins,0,WOD_Ruins_04,787,308,22,82,7872230882,Satakalaam,787.171875,-308.359375
Ruins,0,WOD_Ruins_06,826,309,120,95,82612030995,Satakalaam,826.9375,-309.2578125
Ruins,0,WOD_Ruins_06,832,282,5,40,8320528240,Satakalaam,832.0390625,-282.6875
Ruins,0,WOD_Ruins_01,856,293,15,86,8561529386,Satakalaam,856.1171875,-293.328125
Ruins,0,WOD_Ruins_01,798,283,44,58,7984428358,Satakalaam,798.34375,-283.546875
Ruins,0,WOD_Ruins_01,795,281,38,13,7953828113,Satakalaam,795.296875,-281.8984375
