name,type,prefab,worldX,worldY,terrainX,terrainY,locationID,region,gisX,gisY
Ruins,0,WOD_Ruins_04,404,41,100,47,4041004147,Daenia,404.78125,-41.6328125
Ruins,0,WOD_Ruins_05,361,114,90,45,3619011445,Daenia,361.703125,-114.6484375
Ruins,0,WOD_Ruins_03,413,85,73,55,413738555,Daenia,413.5703125,-85.5703125
Ruins,0,WOD_Ruins_02,380,37,87,15,380873715,Daenia,380.6796875,-37.8828125
Ruins,0,WOD_Ruins_03,352,81,51,69,352518169,Daenia,352.3984375,-81.4609375
Ruins,0,WOD_Ruins_02,357,82,76,111,3577682111,Daenia,357.59375,-82.1328125
