name,type,prefab,worldX,worldY,terrainX,terrainY,locationID,region,gisX,gisY
Ruins,0,WOD_Ruins_04,101,126,84,78,1018412678,Tulune,101.65625,-126.390625
Ruins,0,WOD_Ruins_03,110,108,5,96,1100510896,Tulune,110.0390625,-108.25
Ruins,0,WOD_Ruins_04,97,144,33,15,973314415,Tulune,97.2578125,-144.8828125
Ruins,0,WOD_Ruins_02,124,137,41,122,12441137122,Tulune,124.3203125,-137.046875
Ruins,0,WOD_Ruins_03,93,128,119,82,9311912882,Tulune,93.9296875,-128.359375
Ruins,0,WOD_Ruins_04,114,141,38,87,1143814187,Tulune,114.296875,-141.3203125
Ruins,0,WOD_Ruins_04,87,108,63,40,876310840,Tulune,87.4921875,-108.6875
