fid,name,type,prefab,rotYaxis,worldX,worldY,terrainX,terrainY,locationID,region,gisX,gisY,climate
1230,Orc Camp,0,WOD_OrcCamp_Medium_02,151,84,139,119,61,8411913961,Tulune,84.9296875,-139.5234375,1
1263,Orc Camp,0,WOD_OrcCamp_Small_03,-51,121,138,81,32,1218113832,Tulune,121.6328125,-138.75,1
1283,Orc Camp,0,WOD_OrcCamp_Small_02,-19,124,152,122,18,12412315218,Tulune,124.9609375,-152.859375,1
1314,Orc Camp,0,WOD_OrcCamp_Medium_02,-158,124,134,8,32,1240113432,Tulune,124.0078125,-134.75,1
1317,Orc Camp,0,WOD_OrcCamp_Small_01,123,75,133,42,41,754213341,Tulune,75.328125,-133.6796875,1
1355,Orc Camp,0,WOD_OrcCamp_Medium_01,-122,76,117,54,14,765411714,Tulune,76.421875,-117.890625,1
1362,Orc Camp,0,WOD_OrcCamp_Medium_01,-9,110,149,18,114,11018149114,Tulune,110.140625,-149.109375,1
1394,Orc Camp,0,WOD_OrcCamp_Small_01,20,113,108,55,10,1135510810,Tulune,113.4296875,-108.921875,1
