name,type,prefab,rotYaxis,worldX,worldY,terrainX,terrainY,locationID,region,gisX,gisY,climate,altitude,sink,scale
Mountain,1,WOD_Mountain_09,-33,849,143,116,49,84911614349,Menevia,849.90625,-143.6171875,4.0,9,1,0.983412937698026
Mountain,1,WOD_Mountain_04,-25,848,143,17,93,8481714393,Menevia,848.1328125,-143.2734375,4.0,9,1,0.6776170196738411
Mountain,1,WOD_Mountain_05,56,849,143,88,115,84988143115,Menevia,849.6875,-143.1015625,4.0,5,1,0.682947847564964
Mountain,1,WOD_Mountain_03,-23,846,143,93,82,8469314382,Menevia,846.7265625,-143.359375,4.0,5,1,0.8570656443292685
Mountain,1,WOD_Mountain_08,5,850,142,58,44,8505814244,Menevia,850.453125,-142.65625,4.0,5,1,0.9411077389008832
