name,type,prefab,worldX,worldY,terrainX,terrainY,locationID,region,gisX,gisY
Ruins,0,WOD_Ruins_01,801,180,110,29,80111018029,Menevia,801.859375,-180.7734375
Ruins,0,WOD_Ruins_06,810,165,24,74,8102416574,Menevia,810.1875,-165.421875
Ruins,0,WOD_Ruins_02,824,207,97,52,8249720752,Menevia,824.7578125,-207.59375
Ruins,0,WOD_Ruins_01,821,160,35,28,8213516028,Menevia,821.2734375,-160.78125
Ruins,0,WOD_Ruins_04,820,198,6,18,8200619818,Menevia,820.046875,-198.859375
Ruins,0,WOD_Ruins_06,817,188,22,91,8172218891,Menevia,817.171875,-188.2890625
Ruins,0,WOD_Ruins_05,790,209,42,67,7904220967,Menevia,790.328125,-209.4765625
