name,type,prefab,worldX,worldY,terrainX,terrainY,locationID,gisX,gisY
WOD_Ruins,0,WOD_Ruins_06,433,342,107,64,43310734264,433.8359375,-342.5
WOD_Ruins,0,WOD_Ruins_04,439,343,21,21,4392134321,439.1640625,-343.8359375
WOD_FarmB,0,WOD_Farmba03,439,343,107,21,43910734321,439.8359375,-343.8359375
WOD_FarmB,0,WOD_Farmba01,430,344,107,64,43010734464,430.8359375,-344.5
WOD_FarmB,0,WOD_Farmba03,434,344,64,21,4346434421,434.5,-344.8359375
