name,type,prefab,worldX,worldY,terrainX,terrainY,locationID,region,gisX,gisY
Ruins,0,WOD_Ruins_01,699,66,73,124,6997366124,Koegria,699.5703125,-66.03125
Ruins,0,WOD_Ruins_01,665,44,18,123,6651844123,Koegria,665.140625,-44.0390625
Ruins,0,WOD_Ruins_06,663,52,27,46,663275246,Koegria,663.2109375,-52.640625
Ruins,0,WOD_Ruins_05,671,73,65,29,671657329,Koegria,671.5078125,-73.7734375
Ruins,0,WOD_Ruins_03,669,83,88,88,669888388,Koegria,669.6875,-83.3125
Ruins,0,WOD_Ruins_02,663,83,113,69,6631138369,Koegria,663.8828125,-83.4609375
