name,type,prefab,worldX,worldY,terrainX,terrainY,locationID,region,gisX,gisY
Ruins,0,WOD_Ruins_03,668,469,58,109,66858469109,Dak'fron,668.453125,-469.1484375
Ruins,0,WOD_Ruins_03,635,468,49,116,63549468116,Dak'fron,635.3828125,-468.09375
Ruins,0,WOD_Ruins_05,639,461,54,41,6395446141,Dak'fron,639.421875,-461.6796875
Ruins,0,WOD_Ruins_01,636,483,87,77,6368748377,Dak'fron,636.6796875,-483.3984375
