name,type,prefab,worldX,worldY,terrainX,terrainY,locationID,region,gisX,gisY
Ruins,0,WOD_Ruins_03,668,469,58,109,66858469109,Dak'fron,668.453125,-469.1484375
Ruins,0,WOD_Ruins_03,635,468,49,116,63549468116,Dak'fron,635.3828125,-468.09375
Ruins,0,WOD_Ruins_05,639,461,54,41,6395446141,Dak'fron,639.421875,-461.6796875
Ruins,0,WOD_Ruins_06,703,493,1,41,7030149341,Dak'fron,703.0078125,-493.6796875
Ruins,0,WOD_Ruins_05,624,435,101,64,62410143564,Dak'fron,624.7890625,-435.5
Ruins,0,WOD_Ruins_01,525,461,56,0,5255646100,Dak'fron,525.4375,-462
Ruins,0,WOD_Ruins_01,636,483,87,77,6368748377,Dak'fron,636.6796875,-483.3984375
Ruins,0,WOD_Ruins_06,595,484,49,100,59549484100,Dak'fron,595.3828125,-484.21875
