name,type,prefab,worldX,worldY,terrainX,terrainY,locationID,region,gisX,gisY
Ruins,0,WOD_Ruins_03,128,262,124,84,12812426284,Betony,128.96875,-262.34375
Ruins,0,WOD_Ruins_05,129,258,14,111,12914258111,Betony,129.109375,-258.1328125
Ruins,0,WOD_Ruins_06,118,263,55,46,1185526346,Betony,118.4296875,-263.640625
Ruins,0,WOD_Ruins_02,114,267,116,63,11411626763,Betony,114.90625,-267.5078125
