fid,name,type,prefab,worldX,worldY,terrainX,terrainY,locationID,region,gisX,gisY,climate
547,Orc Camp,0,WOD_OrcCamp_Small_01,221,475,56,91,2215647591,Kairou,221.4375,-475.2890625,7
548,Orc Camp,0,WOD_OrcCamp_Small_02,221,473,6,90,2210047390,Kairou,221,-473.296875,7
549,Orc Camp,0,WOD_OrcCamp_Small_03,220,474,114,68,22011447468,Kairou,220.890625,-474.46875,7
1436,Orc Camp,0,WOD_OrcCamp_Small_01,233,442,5,50,2330444250,Kairou,233.03125,-442.609375,7
1448,Orc Camp,0,WOD_OrcCamp_Medium_03,239,429,34,91,23920429104,Kairou,239.15625,-429.1875,7
