name,type,prefab,worldX,worldY,terrainX,terrainY,locationID,region,gisX,gisY
Ruins,0,WOD_Ruins_03,228,455,97,58,2289745558,Kairou,228.7578125,-455.546875
Ruins,0,WOD_Ruins_02,201,442,96,104,20196442104,Kairou,201.75,-442.1875
Ruins,0,WOD_Ruins_01,210,438,101,27,21010143827,Kairou,210.7890625,-438.7890625
Ruins,0,WOD_Ruins_01,218,465,58,70,2185846570,Kairou,218.453125,-465.453125
