name,type,prefab,rotYaxis,worldX,worldY,terrainX,terrainY,locationID,region,gisX,gisY,climate,sink,scale
Desert Mountain,1,WOD_Mountain_Desert_01,-56,272,446,114,104,272114446104,Myrkwasa,272.890625,-446.1875,8,1,0.6289284637043143
Desert Mountain,1,WOD_Mountain_Desert_01,30,339,418,60,70,3396041870,Myrkwasa,339.46875,-418.453125,8,1,0.6459608896717752
Desert Mountain,1,WOD_Mountain_Desert_01,128,308,425,44,106,30844425106,Myrkwasa,308.34375,-425.171875,8,1,0.7545510297119373
Desert Mountain,1,WOD_Mountain_Desert_05,149,274,445,111,78,27411144578,Myrkwasa,274.8671875,-445.390625,8,1,0.7405685567760406
Desert Mountain,1,WOD_Mountain_Desert_03,-108,273,445,56,60,2735644560,Myrkwasa,273.4375,-445.53125,8,1,0.6826074755158306
Desert Mountain,1,WOD_Mountain_Desert_04,20,274,445,95,23,2749544523,Myrkwasa,274.7421875,-445.8203125,8,1,0.6664915457367585
Desert Mountain,1,WOD_Mountain_Desert_06,-47,274,445,58,69,2745844569,Myrkwasa,274.453125,-445.4609375,8,1,0.7678828303304337
