name,type,prefab,rotYaxis,worldX,worldY,terrainX,terrainY,locationID,region,gisX,gisY,climate,sink,scale
Desert Mountain,1,WOD_Mountain_10,-128,272,446,114,104,272114446104,Myrkwasa,272.890625,-446.1875,8,1,0.4216963477782358
Desert Mountain,1,WOD_Mountain_08,79,339,418,60,70,3396041870,Myrkwasa,339.46875,-418.453125,8,1,0.4344706672538314
Desert Mountain,1,WOD_Mountain_05,-56,308,425,44,106,30844425106,Myrkwasa,308.34375,-425.171875,8,1,0.515913272283953
Desert Mountain,1,WOD_Mountain_01,-101,274,445,111,78,27411144578,Myrkwasa,274.8671875,-445.390625,8,1,0.5054264175820304
Desert Mountain,1,WOD_Mountain_03,62,273,445,56,60,2735644560,Myrkwasa,273.4375,-445.53125,8,1,0.4619556066368729
Desert Mountain,1,WOD_Mountain_02,55,274,445,95,23,2749544523,Myrkwasa,274.7421875,-445.8203125,8,1,0.4498686593025689
Desert Mountain,1,WOD_Mountain_10,133,274,445,58,69,2745844569,Myrkwasa,274.453125,-445.4609375,8,1,0.5259121227478253
