name,type,prefab,worldX,worldY,terrainX,terrainY,locationID,region,gisX,gisY
Ruins,0,WOD_Ruins_06,294,408,115,86,29411540886,Myrkwasa,294.8984375,-408.328125
Ruins,0,WOD_Ruins_06,276,428,118,24,27611842824,Myrkwasa,276.921875,-428.8125
Ruins,0,WOD_Ruins_02,275,408,5,33,2750540833,Myrkwasa,275.0390625,-408.7421875
Ruins,0,WOD_Ruins_02,275,427,41,45,2754142745,Myrkwasa,275.3203125,-427.6484375
