fid,name,type,prefab,worldX,worldY,terrainX,terrainY,locationID,region,gisX,gisY,climate
1428,Orc Camp,0,WOD_OrcCamp_Large_01,315,406,21,52,3150640652,Myrkwasa,315.046875,-406.59375,7
1430,Orc Camp,0,WOD_OrcCamp_Small_02,263,422,28,15,2632842215,Myrkwasa,263.21875,-422.8828125,7
1435,Orc Camp,0,WOD_OrcCamp_Large_01,257,447,70,104,25770447104,Myrkwasa,257.546875,-447.1875,7
1438,Orc Camp,0,WOD_OrcCamp_Small_03,270,420,10,56,2700642056,Myrkwasa,270.046875,-420.5625,7
1442,Orc Camp,0,WOD_OrcCamp_Large_01,312,406,91,20,3129140620,Myrkwasa,312.7109375,-406.84375,7
1449,Orc Camp,0,WOD_OrcCamp_Large_01,302,405,29,69,3022940569,Myrkwasa,302.2265625,-405.4609375,7
