name,type,prefab,rotYaxis,worldX,worldY,terrainX,terrainY,locationID,region,gisX,gisY,climate,sink,scale
Desert Mountain,1,WOD_Mountain_04,-9,648,436,41,41,6484143641,Santaki,648.3203125,-436.6796875,9,1,0.4310735
Desert Mountain,1,WOD_Mountain_05,6,652,442,27,70,6522744270,Santaki,652.2109375,-442.453125,9,1,0.4791303
Desert Mountain,1,WOD_Mountain_02,174,647,436,99,44,6479943644,Santaki,647.7734375,-436.65625,9,1,0.5122188
Desert Mountain,1,WOD_Mountain_10,-153,646,437,101,119,646101437119,Santaki,646.7890625,-437.0703125,9,1,0.5888383
Desert Mountain,1,WOD_Mountain_08,21,635,417,8,65,6350841765,Santaki,635.0625,-417.4921875,8,1,0.6960204
Desert Mountain,1,WOD_Mountain_01,-114,635,418,59,59,6355941859,Santaki,635.4609375,-418.5390625,8,1,0.5137163
Desert Mountain,1,WOD_Mountain_04,124,633,416,77,40,6337741640,Santaki,633.6015625,-416.6875,8,1,0.5379665
Desert Mountain,1,WOD_Mountain_03,-75,633,417,35,47,6333541747,Santaki,633.2734375,-417.6328125,8,1,0.4097328
