name,type,prefab,worldX,worldY,terrainX,terrainY,locationID,region,gisX,gisY
Ruins,0,WOD_Ruins_05,652,438,36,24,6523643824,Santaki,652.28125,-438.8125
Ruins,0,WOD_Ruins_03,654,421,108,4,65410842104,Santaki,654.84375,-421.96875
Ruins,0,WOD_Ruins_04,668,435,73,105,66873435105,Santaki,668.5703125,-435.1796875
Ruins,0,WOD_Ruins_03,633,423,56,23,6335642323,Santaki,633.4375,-423.8203125
Ruins,0,WOD_Ruins_05,646,412,83,61,6468341261,Santaki,646.6484375,-412.5234375
Ruins,0,WOD_Ruins_02,666,440,104,54,66610444054,Santaki,666.8125,-440.578125
Ruins,0,WOD_Ruins_04,655,443,86,91,6558644391,Santaki,655.671875,-443.2890625
Ruins,0,WOD_Ruins_06,647,429,102,41,64710242941,Santaki,647.796875,-429.6796875
