name,type,prefab,worldX,worldY,terrainX,terrainY,locationID,region,gisX,gisY
Ruins,0,WOD_Ruins_04,653,414,36,19,6533641419,Santaki,653.28125,-414.8515625
Ruins,0,WOD_Ruins_04,652,421,93,125,65293421125,Santaki,652.7265625,-421.0234375
Ruins,0,WOD_Ruins_06,638,416,114,10,63811441610,Santaki,638.890625,-416.921875
