name,type,prefab,worldX,worldY,terrainX,terrainY,locationID,region,gisX,gisY
Guardtower,0,WOD_Ephesus_ScoutTower_01,899,437,56,45,8995643745,Ephesus,899.4375,-437.6484375
Guardtower,0,WOD_Ephesus_ScoutTower_01,885,458,4,77,8850445877,Ephesus,885.03125,-458.3984375
Guardtower,0,WOD_Ephesus_ScoutTower_01,822,430,96,92,8229643092,Ephesus,822.75,-430.28125
Guardtower,0,WOD_Ephesus_ScoutTower_01,864,430,97,119,86497430119,Ephesus,864.7578125,-430.0703125
Guardtower,0,WOD_Ephesus_ScoutTower_01,840,461,78,61,8407846161,Ephesus,840.609375,-461.5234375
Guardtower,0,WOD_Ephesus_ScoutTower_01,858,431,36,100,85836431100,Ephesus,858.28125,-431.21875
Guardtower,0,WOD_Ephesus_ScoutTower_01,898,455,29,5,8982945505,Ephesus,898.2265625,-455.9609375
Guardtower,0,WOD_Ephesus_ScoutTower_01,843,435,82,27,8438243527,Ephesus,843.640625,-435.7890625
Guardtower,0,WOD_Ephesus_ScoutTower_01,829,433,51,95,8295143395,Ephesus,829.3984375,-433.2578125
