name,type,prefab,worldX,worldY,terrainX,terrainY,locationID,region,gisX,gisY
Ruins,0,WOD_Ruins_01,822,431,97,111,82297431111,Ephesus,822.7578125,-431.1328125
Ruins,0,WOD_Ruins_04,882,441,60,33,8826044133,Ephesus,882.46875,-441.7421875
Ruins,0,WOD_Ruins_01,878,448,6,29,8780644829,Ephesus,878.046875,-448.7734375
Ruins,0,WOD_Ruins_02,912,427,118,33,91211842733,Ephesus,912.921875,-427.7421875
