name,type,prefab,rotYaxis,worldX,worldY,terrainX,terrainY,locationID,region,gisX,gisY,climate,altitude,sink,scale
Mountain,1,WOD_Mountain_06,-147,586,344,64,55,5866434455,Tigonus,586.5,-344.5703125,4.0,5,1,0.7246426491326233
Mountain,1,WOD_Mountain_07,130,582,329,23,123,58223329123,Tigonus,582.1796875,-329.0390625,4.0,5,1,0.6145480868630432
Mountain,1,WOD_Mountain_10,-145,596,357,15,83,5961535783,Tigonus,596.1171875,-357.3515625,4.0,5,1,0.6083622663526947
Mountain,1,WOD_Mountain_06,-109,597,355,5,99,5970535599,Tigonus,597.0390625,-355.2265625,4.0,5,1,0.8994117666597063
Mountain,1,WOD_Mountain_02,172,584,322,15,109,58415322109,Tigonus,584.1171875,-322.1484375,4.0,5,1,0.85591359043187
Mountain,1,WOD_Mountain_03,-12,604,366,114,86,60411436686,Tigonus,604.890625,-366.328125,4.0,5,1,0.7772512870832722
Mountain,1,WOD_Mountain_03,-97,594,353,50,102,59450353102,Tigonus,594.390625,-353.203125,4.0,5,1,0.935958614654687
Mountain,1,WOD_Mountain_10,39,590,338,100,36,59010033836,Tigonus,590.78125,-338.71875,4.0,5,1,0.9878025008531536
Mountain,1,WOD_Mountain_06,-37,599,359,88,8,5998835908,Tigonus,599.6875,-359.9375,4.0,5,1,0.8276160031751155
