name,type,prefab,rotYaxis,worldX,worldY,terrainX,terrainY,region,gisX,gisY,climate,sink,scale
Foothills,1,WOD_Mountain_Small_05,21,589,337,108,124,Tigonus,589.84375,-337.03125,4.0,1,0.6098715
Foothills,1,WOD_Mountain_Small_02,131,589,337,97,79,Tigonus,589.7578125,-337.3828125,4.0,1,0.9809642
Foothills,1,WOD_Mountain_Small_03,-165,600,361,3,92,Tigonus,600.0234375,-361.28125,4.0,1,0.7468737
Foothills,1,WOD_Mountain_Small_04,116,598,360,27,64,Tigonus,598.2109375,-360.5,4.0,1,0.7241558
Foothills,1,WOD_Mountain_Small_04,-165,585,344,14,84,Tigonus,585.109375,-344.34375,7.0,1,0.9357888
Foothills,1,WOD_Mountain_Small_03,-7,601,360,24,127,Tigonus,601.1875,-360.0078125,4.0,1,0.6417249
Foothills,1,WOD_Mountain_Small_06,166,599,358,65,115,Tigonus,599.5078125,-358.1015625,4.0,1,0.9739491
Foothills,1,WOD_Mountain_Small_01,-120,586,346,74,120,Tigonus,586.578125,-346.0625,7.0,1,0.780911
