fid,name,type,prefab,rotYaxis,worldX,worldY,terrainX,terrainY,locationID,region,gisX,gisY,climate
1363,Orc Camp,0,WOD_OrcCamp_Medium_02,-27,995,232,101,108,995101232108,Gavaudon,995.7890625,-232.15625,1
679,Orc Camp,0,WOD_OrcCamp_Large_Mountains_01,12,975,219,119,68,97511921968,Gavaudon,975.9296875,-219.46875,3
680,Orc Camp,0,WOD_OrcCamp_Small_Mountains_01,-31,974,218,27,24,9742721824,Gavaudon,974.2109375,-218.8125,3
681,Orc Camp,0,WOD_OrcCamp_Small_Mountains_02,91,975,218,61,9,9756121809,Gavaudon,975.4765625,-218.9296875,3
821,Orc Camp,0,WOD_OrcCamp_Small_Mountains_02,3,997,216,68,91,9976821691,Gavaudon,997.53125,-216.2890625,4
883,Orc Camp,0,WOD_OrcCamp_Small_Mountains_01,132,967,206,122,110,967122206110,Gavaudon,967.953125,-206.140625,4
1095,Orc Camp,0,WOD_OrcCamp_Small_Mountains_03,32,963,206,26,101,96326206101,Gavaudon,963.203125,-206.2109375,4
