name,type,prefab,worldX,worldY,terrainX,terrainY,locationID,region,gisX,gisY
Guardtower,0,WOD_Guardtower_01,700,319,67,128,70067319128,Kozanset,700.5234375,-319
Guardtower,0,WOD_Guardtower_01,729,337,105,32,72910533732,Kozanset,729.8203125,-337.75
Guardtower,0,WOD_Guardtower_01,699,330,49,31,6994933031,Kozanset,699.3828125,-330.7578125
Guardtower,0,WOD_Guardtower_01,715,332,50,0,7155033200,Kozanset,715.390625,-333
Guardtower,0,WOD_Guardtower_01,723,339,86,19,7238633919,Kozanset,723.671875,-339.8515625
Guardtower,0,WOD_Guardtower_01,717,338,127,93,71712733893,Kozanset,717.9921875,-338.2734375
Guardtower,0,WOD_Guardtower_01,715,352,40,79,7154035279,Kozanset,715.3125,-352.3828125
Guardtower,0,WOD_Guardtower_01,707,343,119,50,70711934350,Kozanset,707.9296875,-343.609375
Guardtower,0,WOD_Guardtower_01,713,324,60,28,7136032428,Kozanset,713.46875,-324.78125
