name,type,prefab,worldX,worldY,terrainX,terrainY,locationID,region,gisX,gisY
Ruins,0,WOD_Ruins_04,732,336,41,90,7324133690,Kozanset,732.3203125,-336.296875
Ruins,0,WOD_Ruins_01,690,325,15,56,6901532556,Kozanset,690.1171875,-325.5625
Ruins,0,WOD_Ruins_06,717,337,42,92,7174233792,Kozanset,717.328125,-337.28125
Ruins,0,WOD_Ruins_05,718,320,92,36,7189232036,Kozanset,718.71875,-320.71875
