name,type,prefab,worldX,worldY,terrainX,terrainY,locationID,region,gisX,gisY
Ruins,0,WOD_Ruins_03,633,52,63,74,633635274,Kambria,633.4921875,-52.421875
Ruins,0,WOD_Ruins_03,629,51,110,83,6291105183,Kambria,629.859375,-51.3515625
Ruins,0,WOD_Ruins_01,613,47,1,82,613014782,Kambria,613.0078125,-47.359375
Ruins,0,WOD_Ruins_02,626,60,50,102,6265060102,Kambria,626.390625,-60.203125
Ruins,0,WOD_Ruins_01,656,80,50,101,6565080101,Kambria,656.390625,-80.2109375
Ruins,0,WOD_Ruins_05,603,47,44,125,6034447125,Kambria,603.34375,-47.0234375
Ruins,0,WOD_Ruins_02,646,77,114,78,6461147778,Kambria,646.890625,-77.390625
