name,type,prefab,rotYaxis,worldX,worldY,terrainX,terrainY,locationID,region,gisX,gisY,climate,altitude,sink,scale
Mountain,1,WOD_Mountain_02,33,644,57,96,10,644965710,Kambria,644.75,-57.921875,4.0,5,1,0.6911484002854876
Mountain,1,WOD_Mountain_08,166,643,53,65,0,643655300,Kambria,643.5078125,-54.0,4.0,5,1,0.733971153483531
Mountain,1,WOD_Mountain_04,143,649,59,14,24,649145924,Kambria,649.109375,-59.8125,4.0,5,1,0.9481697290336164
Mountain,1,WOD_Mountain_09,-131,647,58,93,49,647935849,Kambria,647.7265625,-58.6171875,4.0,5,1,0.6503133178207314
Mountain,1,WOD_Mountain_01,-15,647,57,92,38,647925738,Kambria,647.71875,-57.703125,4.0,5,1,0.7153067060681542
Mountain,1,WOD_Mountain_07,-178,642,50,111,106,64211150106,Kambria,642.8671875,-50.171875,4.0,5,1,0.7889578138932558
Mountain,1,WOD_Mountain_04,-31,641,49,108,55,6411084955,Kambria,641.84375,-49.5703125,4.0,5,1,0.9422742605575728
Mountain,1,WOD_Mountain_09,-63,649,61,97,52,649976152,Kambria,649.7578125,-61.59375,4.0,5,1,0.742803354402152
