name,type,prefab,worldX,worldY,terrainX,terrainY,locationID,region,gisX,gisY
Ruins,0,WOD_Ruins_03,629,51,110,83,6291105183,Kambria,629.859375,-51.3515625
Ruins,0,WOD_Ruins_02,626,60,50,102,6265060102,Kambria,626.390625,-60.203125
Ruins,0,WOD_Ruins_01,656,80,50,101,6565080101,Kambria,656.390625,-80.2109375
Ruins,0,WOD_Ruins_02,646,77,114,78,6461147778,Kambria,646.890625,-77.390625
