name,type,prefab,worldX,worldY,terrainX,terrainY,locationID,region,gisX,gisY
Bandit Camp,0,WOD_BanditCamp_05,458,423,95,74,4589542374,Antiphyllos,458.7421875,-423.421875
Bandit Fort,0,WOD_BanditFort_03,466,419,38,100,46638419100,Antiphyllos,466.296875,-419.21875
Bandit Fort,0,WOD_BanditFort_01,457,425,100,56,45710042556,Antiphyllos,457.78125,-425.5625
Bandit Fort,0,WOD_BanditFort_03,465,418,5,40,4650541840,Antiphyllos,465.0390625,-418.6875
Bandit Camp,0,WOD_BanditCamp_01,460,424,97,40,4609742440,Antiphyllos,460.7578125,-424.6875
Bandit Fort,0,WOD_BanditFort_02,465,431,27,88,4652743188,Antiphyllos,465.2109375,-431.3125
Bandit Camp,0,WOD_BanditCamp_05,442,423,97,72,4429742372,Antiphyllos,442.7578125,-423.4375
