name,type,prefab,worldX,worldY,terrainX,terrainY,locationID,region,gisX,gisY
Ruins,0,WOD_Ruins_06,452,434,122,87,45212243487,Antiphyllos,452.953125,-434.3203125
Ruins,0,WOD_Ruins_01,485,446,27,69,4852744669,Antiphyllos,485.2109375,-446.4609375
Ruins,0,WOD_Ruins_01,425,422,17,95,4251742295,Antiphyllos,425.1328125,-422.2578125
