name,type,prefab,worldX,worldY,terrainX,terrainY,locationID,region,gisX,gisY
Guardtower,0,WOD_Guardtower_01,479,462,72,110,47972462110,Antiphyllos,479.5625,-462.140625
Guardtower,0,WOD_Guardtower_01,472,441,63,110,47263441110,Antiphyllos,472.4921875,-441.140625
Guardtower,0,WOD_Guardtower_01,456,440,65,127,45665440127,Antiphyllos,456.5078125,-440.0078125
Guardtower,0,WOD_Guardtower_01,472,433,44,86,4724443386,Antiphyllos,472.34375,-433.328125
Guardtower,0,WOD_Guardtower_01,438,424,52,99,4385242499,Antiphyllos,438.40625,-424.2265625
Guardtower,0,WOD_Guardtower_01,448,434,6,36,4480643436,Antiphyllos,448.046875,-434.71875
Guardtower,0,WOD_Guardtower_01,445,433,23,51,4452343351,Antiphyllos,445.1796875,-433.6015625
