name,type,prefab,worldX,worldY,terrainX,terrainY,locationID,region,gisX,gisY
Ruins,0,WOD_Ruins_06,452,434,122,87,45212243487,Antiphyllos,452.953125,-434.3203125
Ruins,0,WOD_Ruins_05,424,422,51,81,4245142281,Antiphyllos,424.3984375,-422.3671875
Ruins,0,WOD_Ruins_04,433,426,73,97,4337342697,Antiphyllos,433.5703125,-426.2421875
Ruins,0,WOD_Ruins_01,485,446,27,69,4852744669,Antiphyllos,485.2109375,-446.4609375
Ruins,0,WOD_Ruins_01,425,422,17,95,4251742295,Antiphyllos,425.1328125,-422.2578125
