name,type,prefab,worldX,worldY,terrainX,terrainY,locationID,region,gisX,gisY
Ruins,0,WOD_Ruins_03,236,419,96,63,2369641963,Pothago,236.75,-419.5078125
Ruins,0,WOD_Ruins_02,246,407,78,59,2467840759,Pothago,246.609375,-407.5390625
Ruins,0,WOD_Ruins_05,247,411,106,105,247106411105,Pothago,247.828125,-411.1796875
Ruins,0,WOD_Ruins_06,246,420,47,95,2464742095,Pothago,246.3671875,-420.2578125
Ruins,0,WOD_Ruins_05,261,405,22,109,26122405109,Pothago,261.171875,-405.1484375
Ruins,0,WOD_Ruins_03,265,411,88,74,2658841174,Pothago,265.6875,-411.421875
Ruins,0,WOD_Ruins_03,229,414,84,116,22984414116,Pothago,229.65625,-414.09375
