name,type,prefab,worldX,worldY,terrainX,terrainY,locationID,region,gisX,gisY
Bandit Camp,0,WOD_BanditCamp_02,242,425,95,124,24295425124,Pothago,242.7421875,-425.03125
Bandit Camp,0,WOD_BanditCamp_03,245,429,84,79,2458442979,Pothago,245.65625,-429.3828125
Bandit Camp,0,WOD_BanditCamp_01,221,419,111,6,22111141906,Pothago,221.8671875,-419.953125
Bandit Camp,0,WOD_BanditCamp_03,257,412,106,12,25710641212,Pothago,257.828125,-412.90625
Bandit Fort,0,WOD_BanditFort_02,254,406,120,61,25412040661,Pothago,254.9375,-406.5234375
Bandit Fort,0,WOD_BanditFort_02,263,411,51,86,2635141186,Pothago,263.3984375,-411.328125
Bandit Fort,0,WOD_BanditFort_02,242,413,106,97,24210641397,Pothago,242.828125,-413.2421875
Bandit Camp,0,WOD_BanditCamp_05,238,409,54,26,2385440926,Pothago,238.421875,-409.796875
