fid,name,type,prefab,rotYaxis,worldX,worldY,terrainX,terrainY,locationID,region,gisX,gisY,climate,sink
95,Desert Mountain,1,WOD_Mountain_Desert_04,-27,430,467,93,23,4309346723,Bergama,430.7265625,-467.8203125,8,1
509,Desert Mountain,1,WOD_Mountain_Desert_05,38,438,482,4,22,4380448222,Bergama,438.03125,-482.828125,8,1
559,Desert Mountain,1,WOD_Mountain_Desert_06,-48,408,472,92,31,4089247231,Bergama,408.71875,-472.7578125,8,1
608,Desert Mountain,1,WOD_Mountain_Desert_06,165,401,457,15,52,4011545752,Bergama,401.1171875,-457.59375,8,1
683,Desert Mountain,1,WOD_Mountain_Desert_04,41,403,453,32,99,4033245399,Bergama,403.25,-453.2265625,8,1
804,Desert Mountain,1,WOD_Mountain_Desert_06,-161,400,460,12,22,4001246022,Bergama,400.09375,-460.828125,8,1
874,Desert Mountain,1,WOD_Mountain_Desert_06,-164,421,482,105,109,421105482109,Bergama,421.8203125,-482.1484375,8,1
895,Desert Mountain,1,WOD_Mountain_Desert_06,129,447,472,123,69,44712347269,Bergama,447.9609375,-472.4609375,8,1
992,Desert Mountain,1,WOD_Mountain_Desert_05,-157,400,457,111,78,40011145778,Bergama,400.8671875,-457.390625,8,1
