fid,name,type,prefab,rotYaxis,worldX,worldY,terrainX,terrainY,locationID,region,gisX,gisY,climate
676,Orc Camp,0,WOD_OrcCamp_Medium_01,136,404,463,101,110,404101463110,Bergama,404.7890625,-463.140625,8
677,Orc Camp,0,WOD_OrcCamp_Medium_02,-110,403,462,113,99,40311346299,Bergama,403.8828125,-462.2265625,8
678,Orc Camp,0,WOD_OrcCamp_Medium_03,-57,404,463,43,84,4041546386,Bergama,404.1171875,-463.328125,8
1477,Orc Camp,0,WOD_OrcCamp_Large_01,122,419,465,65,44,4196546544,Bergama,419.5078125,-465.65625,8
1491,Orc Camp,0,WOD_OrcCamp_Large_01,-157,436,460,41,82,4364146082,Bergama,436.3203125,-460.359375,8
1495,Orc Camp,0,WOD_OrcCamp_Medium_01,-118,424,452,15,90,4241545290,Bergama,424.1171875,-452.296875,8
