name,type,prefab,worldX,worldY,terrainX,terrainY,locationID,region,gisX,gisY
Bandit Fort,0,WOD_BanditFort_02,429,451,13,97,4291345197,Bergama,429.1015625,-451.2421875
Bandit Fort,0,WOD_BanditFort_02,432,451,56,38,4325645138,Bergama,432.4375,-451.703125
Bandit Camp,0,WOD_BanditCamp_01,435,454,76,35,4357645435,Bergama,435.59375,-454.7265625
Bandit Fort,0,WOD_BanditFort_01,416,451,28,74,4162845174,Bergama,416.21875,-451.421875
Bandit Camp,0,WOD_BanditCamp_06,434,461,82,95,4348246195,Bergama,434.640625,-461.2578125
Bandit Camp,0,WOD_BanditCamp_06,435,463,37,125,43537463125,Bergama,435.2890625,-463.0234375
Bandit Camp,0,WOD_BanditCamp_06,427,451,68,52,4276845152,Bergama,427.53125,-451.59375
