fid,name,type,prefab,rotYaxis,worldX,worldY,terrainX,terrainY,locationID,region,gisX,gisY,climate
714,Orc Camp,0,WOD_OrcCamp_Large_Mountains_01,150,651,287,74,20,6517428720,Lainlyn,651.578125,-287.84375,4
1081,Orc Camp,0,WOD_OrcCamp_Small_Mountains_03,32,664,302,10,105,66410302105,Lainlyn,664.078125,-302.1796875,4
1398,Orc Camp,0,WOD_OrcCamp_Medium_02,124,740,304,41,77,7404130477,Lainlyn,740.3203125,-304.3984375,5
1400,Orc Camp,0,WOD_OrcCamp_Large_01,40,729,283,95,19,7299528319,Lainlyn,729.7421875,-283.8515625,5
1411,Orc Camp,0,WOD_OrcCamp_Medium_01,139,757,285,128,26,75712828526,Lainlyn,758,-285.796875,5
1424,Orc Camp,0,WOD_OrcCamp_Small_03,-120,734,282,100,55,73410028255,Lainlyn,734.78125,-282.5703125,5
